folder,num_geo_files,num_pdf_files,num_excel_files,list_geo_files,all_excel_files,all_pdf_files
MPN 0060,1,1,2,attachment c - geocode.xlsx,attachment b - providers + zipcodes with 20230131 replacement.xlsx;attachment c - geocode.xlsx,state cola mpn re-approval application 2022-23.pdf
MPN 0079,1,1,2,compwest select mpn 0079 geocoding exhibit.xlsx,compwest select mpn 0079 geocoding exhibit.xlsx;compwest select mpn 0079 provider listing with 20240812 replacement.xlsx,compwest select mpn 0079 reapproval application with 20240808 replacement.pdf
MPN 0107,1,1,2,compwest select mpn 0107_geocoding_exhibit.xlsx,compwest select mpn 0107_geocoding_exhibit.xlsx;compwest select mpn 0107_provider listing (with 20250506 replacement).xlsx,compwest select mpn 0107 reapproval application (with 20250505 replacement).pdf
MPN 0145,1,1,3,cypress attachment c - geocode with 20241010 replacement.xlsx,cypress attachment b - provider+zipcodes - ancillary with 20241115 replacement.xlsx;cypress attachment b - provider+zipcodes with 20241115 replacement.xlsx;cypress attachment c - geocode with 20241010 replacement.xlsx,full application with 20241010 replacement.pdf
MPN 0208,0,1,3,,attachment b - ancillary(with 20231107 replacement).xlsx;attachment b - provider(with 20231107 replacement).xlsx;attachment c - access.xlsx,zaic 0208 mpn application renewal document (with 20131107 replacement).pdf
MPN 0209,0,1,3,,attachment b - ancillary.xlsx;attachment b - provider.xlsx;attachment c - access.xlsx,zaic of il 0209 mpn application renewal document.pdf
MPN 0210,0,1,3,,attachment b - ancillary.xlsx;attachment b - provider.xlsx;attachment c - access.xlsx,ag&l 0210 mpn application renewal document.pdf
MPN 0211,0,1,3,,attachment b - ancillary.xlsx;attachment b - provider.xlsx;attachment c - access.xlsx,azic 0211 mpn application renewal final.pdf
MPN 0339,1,1,2,pacific gas and electric company mpn 0339_geocoding_exhibit.xlsx,pacific gas and electric company mpn 0339 provider listing(with20230328 rep).xlsx;pacific gas and electric company mpn 0339_geocoding_exhibit.xlsx,pacific gas and electric company mpn 0339 reapproval app (with20230328 rep).pdf
MPN 0352,0,1,4,,access.xlsx;ancillary.xlsx;provider.xlsx;telehealth.xlsx,mpn 0352 goodrich.chartis medical provider network 2025.pdf
MPN 0392,0,1,1,,thd mpn attachment 2(with 20231009 replacement).xlsx,thd mpn application with attachments.pdf
MPN 0409,1,1,2,attachment c - geocode bbsi.xlsx,attachment b - providers + zipcodes(with 20240408 replacement).xlsx;attachment c - geocode bbsi.xlsx,custom with kaiser mpn application bbsi(with 20240408 replacement).pdf
MPN 0439,0,13,3,,20 attachment k with 20220715 replacement.xlsx;7 attachment b with 20220715 replacement.xlsx;8 attachment c.xlsx,10 attachment e.pdf;11 attachment f  employee notification spanish (updated concentra).pdf;12 attachment f  employee notification english (updated concentra).pdf;13 attachment g continuity of care_ sb 542 english.pdf;14 attachment g continuity of care_ sb 542 spanish.pdf;15 attachment h english.pdf;16 attachment h spanish.pdf;17 attachment i.pdf;18 attachment j.pdf;3 - application for reapproval of city of san diego mpn 2022 with 20220715 replacement.pdf;4 attachment a sir part 1 of 3.pdf;6 attachment a part 3 of 3.pdf;9 attachment d.pdf
MPN 0481,1,12,2,attachment c geo code update as of 2024(with 20240725 replacement).xlsx,attachment b update as of 07-23-24(with 20240725 replacement).xlsx;attachment c geo code update as of 2024(with 20240725 replacement).xlsx,1.city of riverside - network -7-25-24 pdf final ji(with 20240725 replacement).pdf;attachment d- second and third opinion process - english.pdf;attachment d- second and third opinion process - spanish.pdf;attachment e- access standards.pdf;attachment f -complete written mpn employee notification - 07-23-24english pdf(with 20240725 replacement).pdf;attachment f -complete written mpn employee notification - 7-23-24 spanish pdf(with 20240725 replacement).pdf;attachment g- continuity of care policy 7-23-24 spanish pdfwith 20240725 replacement).pdf;attachment g-continuity of care policy 07-23-24 english pdf(with 20240725 replacement) (1).pdf;attachment h - transfer of ongoing care policy - spanish.pdf;attachment h- transfer of ongoing care policy - english.pdf;attachment i- economic profiling.pdf;attachment j - quality of care and performance.pdf
MPN 0560,0,2,3,,ancillary with 20220913 replacement.xlsx;cvty access.xlsx;provider with 20220913 replacement.xlsx,cna 0560 mpn application (003).pdf;cna 0560 section l with 20220913 replacement.pdf
MPN 0584,0,14,3,,attachment b - ancillary.xlsx;attachment b - provider.xlsx;attachment c - dwc access.xlsx,attachment a - proof of eligibility for mpn applicant.pdf;attachment d - second and third opinion process .pdf;attachment e - access standards.pdf;attachment f - complete written mpn employee notification-sentry.pdf;attachment g - continuity of care policy.pdf;attachment h - transfer of ongoing care policy.pdf;section a. - eligibility of the mpn applicant.pdf;section c. - mpn's ability to provide medical care.pdf;section e. - medical access assistant.pdf;section h. - physician acknowledgment.pdf;section j. - ancillary services lnformation.pdf;section l. - ancillary services.pdf;section t. - medical evaluation of clinical issues.pdf;sentry mpn plan for reapproval - 04 01 2022.pdf
MPN 0598,0,1,2,,copy of exhibitb_0598 11202023.xlsx;copy of exhibitc_0598.xlsx,mpn 0598 application v8.pdf
MPN 0776,1,8,2,4 exhibit 3-geo code   2021.xls,4 exhibit 3-geo code   2021.xls;6 copy of exhibit 2-providers and  zip codes with 20210915 replacement.xls,10 exhibit 9 - transfer of care policy with 20210915 replacement.pdf;10 exhibit 9 - transfer of care policy.pdf;11 exhibit 10 -quality of care and performance 9.2017.pdf;12 exhibit 11 -economic profiling policy.pdf;6 exhibit 5 - access standards policy 2021.pdf;7 exhibit 6 - complete written mpn employee notification 2021 with 20211001 replacement.pdf;9 exhibit 8 - continuity of care policy with 20210915 replacement.pdf;reapproval application - 2021 (002) with 2021001 replacement.pdf
MPN 0784,1,1,2,attachment c geocode.xlsx,attachment c geocode.xlsx;san mateo mpn 0784 attachment b providers+zipcodes-7-2-24 with 20240709 replacement.xlsx,san mateo mpn id 0784 reapproval application with 20240709 replacement.pdf
MPN 0822,1,1,2,attachment b -geographic service area and mpn provider lists rev(with 20240722 replacement.xlsx,attachment b -geographic service area and mpn provider lists rev(with 20240722 replacement.xlsx;mpn application 2024 - attachment c (20).xlsx,mpn application - plan for reapproval 2024 (with 20240719 replacement).pdf
MPN 0840,0,1,3,,attachment b - ancillary.xlsx;attachment b - provider.xlsx;attachment c - access.xlsx,azic 0840  mpn application renewal document final1.pdf
MPN 0846,0,1,3,,attachment b - ancillary.xlsx;attachment b - provider.xlsx;attachment c - access.xlsx,zaic 0846  mpn application renewal document primary .pdf
MPN 0901,1,2,2,attachment c - geocode (risico tmc city of fresno mpn).xlsx,attachment c - geocode (risico tmc city of fresno mpn).xlsx;tristar city of fresno mpn - physician and ancillary proivder listing - 2025.xlsx,re-submission letter - tristar city of fresno mpn 2025.pdf;risico tmc city of fresno mpn plan & attachments - reapproval.pdf
MPN 1018,1,1,2,pcic on the job mpn geocoding exhibit 04182022.xlsx,pcic on the job mpn geocoding exhibit 04182022.xlsx;pcic on the job mpn provider listing 04222022 (with 20220824 replacement).xlsx,pcic on the job mpn 1018 reapproval application_04252022 (with 20220824 replacement).pdf
MPN 1052,1,1,2,attachment c - geocode (san joaquin mpn).xlsx,attachment b - providers + zip codes (san joaquin mpn).xlsx;attachment c - geocode (san joaquin mpn).xlsx,mpn plan and attachments (san joaquin mpn)(with 20230720 replacement).pdf
MPN 1054,2,25,0,d.geographic service area.pdf; h.geocoding.pdf,,a.eligibility.pdf;b.projected provider usage.pdf;c.physician service networks.pdf;d.geographic service area.pdf;e.medical access assistant.pdf;f.mpn website.pdf;g.physician acknowledgements.pdf;h.geocoding.pdf;i.ancillary services..pdf;j.second and third opinion.pdf;k.access standards.pdf;l.employee notification.pdf;l.mpn employeenotification - english with 20230616 replacement.pdf;l.mpn employeenotification - spanish with 20230616 replacement.pdf;m.continuity of care policy - english.pdf;m.continuity of care policy - spanish.pdf;m.continuity of care.pdf;n.transfer of care policy - english.pdf;n.transfer of care policy - spanish.pdf;n.transfer of care.pdf;o.economic profiling policy.pdf;p.physician compensation.pdf;q.utilization review.pdf;r.continuous quality monitoring.pdf;s.network disclosure.pdf
MPN 1138,1,1,2,attachment c - geocode (stanislaus county mpn).xlsx,attachment b - providers + zip codes (stanislaus county mpn) (with 20221213 replacement).xlsx;attachment c - geocode (stanislaus county mpn).xlsx,plan & attachments - stanislaus county mpn (with 20221213 replacement).pdf
MPN 1140,1,1,2,attachment c - zurich services corporation prudent buyer mpn geocoding exhibit.xlsx,attachment b - zurich services corporation prudent buyer mpn provider listing.xlsx;attachment c - zurich services corporation prudent buyer mpn geocoding exhibit.xlsx,zsc prudent buyer mpn 1140 renewal document.pdf
MPN 1142,1,1,2,attachment c - zurich services corporation prudent buyer mpn geocoding exhibit.xlsx,attachment b - zurich services corporation prudent buyer mpn provider lisiting.xlsx;attachment c - zurich services corporation prudent buyer mpn geocoding exhibit.xlsx,zsc prudent buyer mpn 1142 renewal document(with 20240605 replacement).pdf
MPN 1163,0,12,9,,1 worksheet 1.xlsx;2 worksheet 2.xlsx;3 worksheet 3.xlsx;4 worksheet 4.xlsx;5-a- worksheet 5-a.xlsx;5-b- worksheet 5-b.xlsx;5-c- worksheet 5-c.xlsx;complete provider list_prism 1163(with 20250123 replacement).xlsx;prism telehealth list(20250123 replacement).xlsx,01 e- prism continuity of care policy- english (with 20250108 replacement).pdf;01 e- prism transfer of care policy- english(with 20250108 replacement).pdf;02 s- prism continuity of care policy- spanish(with 20250108 replacement).pdf;02 s- prism transfer of care policy- spanish(with 20250108 replacement).pdf;1 e -prism mpn complete written employee notification- english(with 20250108 replacement).pdf;1- certificate of consent to self-insure.pdf;1- quality of care and performance.pdf;2 s- prism mpn complete written employee notification- spanish(with 20250108 replacement).pdf;6- access not met policy.pdf;access standards(with 20250108 replacement).pdf;corrections- prism medical network plan(with 20250123 replacement).pdf;second and third opinion process(with 20250108 replacement).pdf
MPN 1176,1,1,2,attachment c - geocode (turlock mpn).xlsx,attachment b - providers + zip codes (turlock mpn)(with 20250113 replacement) (2).xlsx;attachment c - geocode (turlock mpn).xlsx,plan & attachments - turlock irrigation district mpn(with 20250113 replacement).pdf
MPN 1203,0,1,2,,copy of exhibitc_1203.xlsx;exhibitb_1203 rw v1 with 20241203 replacement.xlsx,1203 mpn reapproval application 2024 v1 with 20241126 replacement.pdf
MPN 1257,1,1,2,attachment c - geocode (city of monterey mpn).xlsx,attachment b - providers + zip codes (city of monterey mpn)(with 20241024 replacement).xlsx;attachment c - geocode (city of monterey mpn).xlsx,plan & attachments - city of monterey mpn reapproval(with 20241024 replacement).pdf
MPN 1258,1,7,3,attachment c - geocode - city and county of san francisco mpn.xlsx,attachment c - geocode - city and county of san francisco mpn.xlsx;revised - attachment b - providers+zip codes - ccsf mpn (with 20250724 replacement).xlsx;revised - telehealth_providers_with_service_area 7-24-2025 (with 20250724 replacement).xlsx,replacement - attachment f - complete written mpn employee notification english(with 20250724 replacement).pdf;replacement - attachment f - complete written mpn employee notification spanish(with 20250724 replacement).pdf;replacement - attachment g - continuity of care - english(with 20250724 replacement).pdf;replacement - attachment g - continuity of care - spanish(with 20250724 replacement).pdf;replacement - attachment h - transfer of care - english(with 20250724 replacement) (2).pdf;replacement - attachment h - transfer of care - spanish(with 20250724 replacement) (1).pdf;replacement pages -  application for reapproval - city and county of san francisco 1258(with 20250724 replacement).pdf
MPN 1259,2,1,2,attachment b - geographic service area (bcsd) revised(with 20250321 replacement).xlsx; attachment c - geocoding (bcsd).xlsx,attachment b - geographic service area (bcsd) revised(with 20250321 replacement).xlsx;attachment c - geocoding (bcsd).xlsx,mpn-application - bcsd 1259 2024 (with 20250321 replacement).pdf
MPN 1260,2,1,2,attachment b - geographic service area  (sisc) revised(with 20250321 replacement).xlsx; attachment c - geocoding (sisc) - revised(with 20250321 replacement) (1).xlsx,attachment b - geographic service area  (sisc) revised(with 20250321 replacement).xlsx;attachment c - geocoding (sisc) - revised(with 20250321 replacement) (1).xlsx,mpn-application - sisc 1260 2024(with 20250321 replacement).pdf
MPN 1265,1,1,2,attachment c - geocode.xlsx,attachment b - providers + zip codes.xlsx;attachment c - geocode.xlsx,custom mpn application goodwill sd final.pdf
MPN 1399,1,1,2,attachment c - geocode (vista paint mpn).xlsx,attachment b - providers + zip codes (vista paint mpn)(with 20250109 replacement).xlsx;attachment c - geocode (vista paint mpn).xlsx,plan & attachments - vista paint corporation mpn repproval(with 20250109 replacement).pdf
MPN 1401,1,1,2,san diego county schools jpa mpn 1401_geocoding_exhibit.xlsx,san diego county schools jpa mpn 1401 provider listing with 20250331 replacement.xlsx;san diego county schools jpa mpn 1401_geocoding_exhibit.xlsx,san diego county schools jpa mpn 1401 application 2025 with 20250331 replacement.pdf
MPN 1719,0,1,3,,access.xlsx;ancillary (58)(with 20240129 replacement).xlsx;provider.xlsx,application mpn#1719.final.pdf
MPN 1780,1,1,2,attachment c - geocode (alameda health system mpn).xlsx,attachment b providers + zip codes (alameda health system mpn)(with 20250630 replacement).xlsx;attachment c - geocode (alameda health system mpn).xlsx,alameda health system mpn - mpn plan application(with 20250630 replacement).pdf
MPN 1799,1,1,2,attachment c - geocode.xlsx,attachment b - providers + zipcodes with 20240208 replacement.xlsx;attachment c - geocode.xlsx,anic 1799 custom with kaiser mpn application with 20240208 replacement.pdf
MPN 1893,1,1,2,geocoding analysis_wdpr_20230310.xlsx,geocoding analysis_wdpr_20230310.xlsx;providers plus zips_wdpr_20230310 (with 20230517 replacement).xlsx,wdpr mpn renewal 2023 (with 20230517 replacement).pdf
MPN 1907,0,1,3,,attachment b ancillary.xlsx;attachment c access.xlsx;attacment b provider.xlsx,berkley specialty mpn 1907.pdf
MPN 1927,0,1,3,,access.xlsx;ancillary.xlsx;providers.xlsx,state national mpn 1927_final.pdf
MPN 1928,1,1,2,attachment c - geocode.xlsx,attachment b - providers + zip codes v2.xlsx;attachment c - geocode.xlsx,custom with kaiser mpn application san diego ccd 1928 v2.pdf
MPN 2005,1,1,2,attachment c - geocode (republic indemnity company mpn).xlsx,attachment b - providers + zip codes (republic indemnity company mpn)(with 20231221 replacement).xlsx;attachment c - geocode (republic indemnity company mpn).xlsx,ri mpn - replacement application description( with 20231221 replacement).pdf
MPN 2006,1,1,2,attachment c - geocode (republic indemnity company mpn).xlsx,attachment b - providers + zip codes (republic indemnity company mpn)(with 20231208 replacement).xlsx;attachment c - geocode (republic indemnity company mpn).xlsx,republic indemnity company of california reapproval - replacement mpn plan description (with 20231208 replacement).pdf
MPN 2041,0,1,2,,costco mpn attachment 2 with 20230706 replacement.xlsx;mpn timesheet & extract date log.xlsx,costco mpn application with attachments.pdf
MPN 2046,1,1,2,attachment c - geocode (tristar golden empire transit district mpn).xlsx,attachment b - providers + zip codes (tristar golden empire transit  district mpn).xlsx;attachment c - geocode (tristar golden empire transit district mpn).xlsx,tristar golden empire transit district  mpn - plan & attachments.pdf
MPN 2053,1,1,2,attachment c - geocode.xlsx,attachment b - providers + zip codes v2.xlsx;attachment c - geocode.xlsx,custom with kaiser mpn application recology v2.pdf
MPN 2108,1,1,2,attachment c - geocode.xlsx,attachment b - providers + zip codes.xlsx;attachment c - geocode.xlsx,custom with kaiser mpn application coachella vwd.pdf
MPN 2125,0,1,2,,exhibitb_2125 - updated rw v2.xlsx;exhibitc_2125.xlsx,mpn application 2125- dm comments v-3.pdf
MPN 2126,0,1,2,,exhibitb_2126- updated rw v2.xlsx;exhibitc_2126.xlsx,mpn application 2126- dm comments v-3.pdf
MPN 2127,0,1,2,,copy of exhibitc_2127.xlsx;exhibitb_2127- updated rw v2.xlsx,mpn application 2127- dm comments v-3.pdf
MPN 2131,1,1,2,attachment c - geocode 04-2022 revision with 20220511 replacement.xlsx,attachment b provider  + zip codes 2022 revision with 20220511 replacement.xlsx;attachment c - geocode 04-2022 revision with 20220511 replacement.xlsx,2022 ca mpn applicant plan 2131 revision with 20220511 replacement.pdf
MPN 2158,1,1,2,attachment c - geocode (tristar lion raisins mpn).xlsx,attachment b - providers + zip codes (tristar lion raisin mpn).xlsx;attachment c - geocode (tristar lion raisins mpn).xlsx,tristar lion raisins mpn - plan and attachments - 2025 reapproval.pdf
MPN 2159,1,1,2,attachment c - geocode (tristar star transport mpn).xlsx,attachment b - providers + zip codes (tristar star transport mpn).xlsx;attachment c - geocode (tristar star transport mpn).xlsx,tristar star transport mpn plan & attachments - revisions 5.12.25.pdf
MPN 2160,1,1,2,attachment c - geocode (tristar lion farms mpn).xlsx,attachment b - providers + zip codes (tristar lion farms mpn).xlsx;attachment c - geocode (tristar lion farms mpn).xlsx,tristar lion farms mpn plan & attachments.pdf
MPN 2173,0,1,2,,exhibitb_2173- updated rw v2.xlsx;exhibitc_2173.xlsx,mpn application 2173- dm comments v-3.pdf
MPN 2214,0,1,4,,access.xlsx;ancillary.xlsx;provider.xlsx;telehealth mpn 2214 - corrected.xlsx,mpn 2214 bristol-myers squibb mpn application 2025.pdf
MPN 2237,1,1,2,chuch mutual insurance company medical provider network 2237 geocoding exhibit g with 20250304 replacement.xlsx,chuch mutual insurance company medical provider network 2237 geocoding exhibit g with 20250304 replacement.xlsx;church mutual insurance company medical provider network 2237 provider listing with 20250304 replacement.xlsx,church mutual insurance company medical provider network 2237 reapproval application with 20250304 replacement.pdf
MPN 2282,1,5,2,geocode attachment c.xlsx,geocode attachment c.xlsx;providers+zipcodes attachment b.xlsx,attachment f complete written mpn employee notification.pdf;attachment g continuity of care policy.pdf;attachment h transfer of ongoing care policy.pdf;c. mpns ability to provide medical care.pdf;ek health select mpn id 2282 plan.pdf
MPN 2299,1,1,2,geocode_harboronempn_20241205.xlsx,geocode_harboronempn_20241205.xlsx;provider pluz zip_harboronempn_20241205 with 20250204 replacement.xlsx,2299_harborone renewal app_20241205.pdf
MPN 2300,0,11,7,,1- worksheet 1 with 20250318 replacement.xlsx;2- worksheet 2 with 20250318 replacement.xlsx;3- worksheet 3 with 20250318 replacement.xlsx;4- worksheet 4 with 20250318 replacement.xlsx;5 b- worksheet 5-b.xlsx;5 c- worksheet 5-c with 20250318 replacement.xlsx;complete provider list_cityoakland with 20250318 replacement.xlsx,01 e- prism continuity of care policy- english.pdf;01 e- prism transfer of care policy- english.pdf;02 s- prism continuity of care policy- spanish.pdf;02 s- prism toc spanish with 20250318 replacement.pdf;1- access standards with 20250318 replacement.pdf;1- quality of care and performance.pdf;1- second and third opinion process.pdf;1e -prism ee notice- english with 20250318 replacement.pdf;2- prism medical network plan with 20250318 replacement.pdf;2s- prism ee notice spanish with 20250318 replacement.pdf;6- access not met policy.pdf
MPN 2322,1,1,2,geocoding analysis_sedgwick1_20211227 (with 20220615 replacement).xlsx,geocoding analysis_sedgwick1_20211227 (with 20220615 replacement).xlsx;providers plus zip_sedgwick1_20211227 (with 20220615 replacement).xlsx,mpn plan for reapproval sedgwick harbor mpn mpn id 2322 (with 20220615 replacement).pdf
MPN 2323,1,1,2,geocoding analysis_sedgwick2_20211227.xlsx,geocoding analysis_sedgwick2_20211227.xlsx;providers plus zip sedgwick 2_20211227(20220705 replacement).xlsx,mpn plan for reapproval sedgwick harbor 2 mpn mpn id 2323 (1)(with 20220705 replacement).pdf
MPN 2327,1,1,2,attachment c - geocode.xlsx,attachment b - providers + zip codes.xlsx;attachment c - geocode.xlsx,custom with kaiser mpn application ocfa v2.pdf
MPN 2334,1,1,2,harborone genex mpn_geocode_20220408.xlsx,harborone genex mpn_geocode_20220408.xlsx;harborone genex mpn_provider zips_20220408 with 20220628 replacement.xlsx,harborone genex mpn_2334 reapproval.pdf
MPN 2345,1,1,2,attachment c - geocode county of riverside.xlsx,attachment b - providers + zip codes with 20240425 replacement.xlsx;attachment c - geocode county of riverside.xlsx,custom with kaiser mpn application county of riverside with 20240422 replacement.pdf
MPN 2346,0,1,4,,gb_platinum_mpn_ancillary.xlsx;gb_platinum_mpn_dwc_access.xlsx;gb_platinum_mpn_physician.xlsx;gb_platinum_mpn_telehealth.xlsx,gallagher bassett platinum mpn 2346 reapproval application rv.pdf
MPN 2349,0,1,4,,gallagher_bassett_chubb_real_estate_unit_mpn_ancillary.xlsx;gallagher_bassett_chubb_real_estate_unit_mpn_dwc_access.xlsx;gallagher_bassett_chubb_real_estate_unit_mpn_physician.xlsx;gallagher_bassett_chubb_real_estate_unit_mpn_telehealth.xlsx,gallagher bassett chubb real estate unit mpn 2349 reapproval application rv (with 20230418 replacement).pdf
MPN 2350,0,1,4,,gallagher_bassett_chubb_risk_management_group_mpn_ancillary.xlsx;gallagher_bassett_chubb_risk_management_group_mpn_dwc_access.xlsx;gallagher_bassett_chubb_risk_management_group_mpn_physician.xlsx;gallagher_bassett_chubb_risk_management_group_mpn_telehealth.xlsx,gallagher bassett chubb risk management group mpn 2350 reapproval application rv(with 20230418 replacement).pdf
MPN 2351,0,10,10,,1- worksheet 1.xlsx;2- worksheet 2.xlsx;3- worksheet 3.xlsx;4- worksheet 4.xlsx;5a- worksheet 5-a.xlsx;5b- worksheet 5-b.xlsx;5c- worksheet 5-c.xlsx;ancillary provider list with 20230228 replacement.xlsx;careworks complete provider list with 20230228 replacement.xlsx;careworks telehealth list.xlsx,0- careworks mpn plan with 20230228 replacement.pdf;1 e- careworks written employee notification-english with 20230228 replacement.pdf;1 e- continuity of care policy- english with 20230228 replacement.pdf;1 e- transfer of care policy- english.pdf;1- access standards with th language with 20230228 replacement.pdf;1- quality of care and performance.pdf;1- second and third opinion process.pdf;2 s- careworks written employee notification-spanish with 20230228 replacement.pdf;2 s- continuity of care policy- spanish with 20230228 replacement.pdf;2 s- transfer of care policy- spanish.pdf
MPN 2357,1,1,2,keenanplus_geocoding_20220822 (with 20221110 replacement).xlsx,keenanplus_geocoding_20220822 (with 20221110 replacement).xlsx;keenanplus_providerszips_20220822 (with 20221110 replacement).xlsx,keenan prime plus powered by harbor health #2357 (with 20221110 replacement).pdf
MPN 2358,1,1,2,keenanprime_geocoding_20220822.xlsx,keenanprime_geocoding_20220822.xlsx;keenanprime_providerszips_20220822 with 20221110 replacement.xlsx,keenan prime advantage mpn powered by harbor health #2358.pdf
MPN 2359,1,1,2,geocoding analysis_ag_20220401 (with 20221021 replacement).xlsx,geocoding analysis_ag_20220401 (with 20221021 replacement).xlsx;providers plus zips_ag_20220401 (with 20221021 replacement).xlsx,mpn plan for sedgwick harbor mpn-ag 2359 plan renewal (with 20221021 replacement).pdf
MPN 2360,1,1,2,allied managed care mpn 2360_geocoding_exhibit_g.xlsx,allied managed care mpn 2360 provider listing (1) with 20230117 replacement.xlsx;allied managed care mpn 2360_geocoding_exhibit_g.xlsx,allied managed care mpn 2360 reapproval application 08112022.pdf
MPN 2364,1,1,2,attachment c - geocode.xlsx,attachment b - providers+zipcodes.xlsx;attachment c - geocode.xlsx,state 2364 ace bbsi mpn reapproval application 2.pdf
MPN 2376,0,1,2,,exhibitb_2376 - updated rw v2.xlsx;exhibitc_2376.xlsx,mpn application 2376 dm comments v-5.pdf
MPN 2377,1,1,2,athens administrators mpn 2377_geocoding_exhibit_g.xlsx,athens administrators mpn 2377 provider listing (with 20220920 replacement).xlsx;athens administrators mpn 2377_geocoding_exhibit_g.xlsx,athens administrators mpn 2377 application_material modification_full replacement 08122022 (with 20220920 replacement).pdf
MPN 2378,0,1,1,,lmg mpn attachment 2 (with 20230314 replacement).xlsx,lmg mpn application with attachments (with 20230314 replacement).pdf
MPN 2385,0,1,3,,attachment b -provider 2385(with 20231110 replacement).xlsx;attachment b-ancillary 2385(with 20231110 replacement).xlsx;attachment c-access 2385(with 20231110 with replacement).xlsx,mpn application 2385 with employee notification (with 20231110 replacement).pdf
MPN 2386,1,1,2,exhibit c - geocode updated 05.2023.xlsx,exhibit b - providers + zip codes updated 05.2023.xlsx;exhibit c - geocode updated 05.2023.xlsx,2022 ca mpn applicant conduent 2386 updated 05.2023 (with 20230522 replacement).pdf
MPN 2387,0,11,10,,1- worksheet 1.xlsx;2- worksheet 2.xlsx;3- worksheet 3.xlsx;4- worksheet 4.xlsx;5a- worksheet 5-a.xlsx;5b- worksheet 5-b.xlsx;5c- worksheet 5-c.xlsx;ancillary provider list with 20221110 replacement.xlsx;wellcomp complete provider list with 20221110 replacement.xlsx;wellcomp telehealth list with 20221110 replacement.xlsx,01 e- continuity of care policy- english with 20221110 replacemen.pdf;01 e- transfer of care policy- english with 20221110 replacement.pdf;01 e- wellcomp complete written employee notification- english.pdf;01- quality of care and performance.pdf;02 s- continuity of care policy- spanish with 20221110 replacemen.pdf;02 s- transfer of care policy- spanish with 20221110 replacement.pdf;02 s- wellcomp complete written employee notification- spanish.pdf;1- access standards.pdf;1- second and third opinion process with 20221110 replacement.pdf;1- wellcomp mpn plan with 20221110 replacement.pdf;6- access not met policy.pdf
MPN 2389,1,1,2,attachment c - geocode.xlsx,attachment b - providers + zip codes.xlsx;attachment c - geocode.xlsx,custom with kaiser mpn application mitsui v2.pdf
MPN 2390,1,1,2,attachment c - geocode.xlsx,attachment b - providers + zip codes.xlsx;attachment c - geocode.xlsx,custom with kaiser mpn application mitsui.pdf
MPN 2391,1,1,2,midwest mpn 2391_geocoding_exhibit_g.xls.xlsx,midwest mpn 2391 provider listing 12052022.xlsx;midwest mpn 2391_geocoding_exhibit_g.xls.xlsx,midwest mpn 2391 reapproval application 2022.pdf
MPN 2392,0,1,3,,attachment b 20230831 ccmsi mpn dwc provider(with 20231121 replacement).xlsx;attachment b- 20230831 ccmsi mpn dwc ancillary(with 02231121 replacement) (1).xlsx;attachment c- 20230831 ccmsi mpn dwc access 952023(with 20231121 replacement) (1) (5).xlsx,mpn-application ccmsi mpn 2392-replacement pages11212023(with 20231121 replacement).pdf
MPN 2393,1,1,2,geocoding_sears_20221010 (with 20221207 replacement).xlsx,geocoding_sears_20221010 (with 20221207 replacement).xlsx;providers plus zips_sears_20221010 (with 20221207 replacement).xlsx,sedgwick sears holdings corp mpn renewal (with 20221207 replacement).pdf
MPN 2394,0,1,2,,exhibitb_2394- updated rw v2.xlsx;exhibitc_2394.xlsx,mpn application 2394- dm comments v-4.pdf
MPN 2395,0,1,3,,gallagher bassett coventry mpn dwc access.xlsx;gallagher_bassett_coventry_ mpn_ provider with 20230829 replacement.xlsx;gallagher_bassett_coventry_mpn_ancillary with 20230829 replacement.xlsx,gallagher bassett coventry mpn reapproval application with 20230829 replacement.pdf
MPN 2396,0,1,3,,2396 ancillary 7242023 with 20230727 replacement.xlsx;2396 provider 7242023r with 20230727 replacement.xlsx;gallagher bassett first health mpn dwc access.xlsx,gallagher bassett first health mpn 2396 reapproval.pdf
MPN 2397,1,1,2,anthem premier mpn 2397_geocoding_exhibit_g.xlsx,anthem premier mpn 2397 provider listing (with 20221214 replacement).xlsx;anthem premier mpn 2397_geocoding_exhibit_g.xlsx,anthem premier mpn 2397 mpn application (with 20221214 replacement).pdf
MPN 2399,1,7,2,6. exhibit b. broadspire mpn 2399_geocoding_broadspire_04jan2023.xlsx,6. exhibit b. broadspire mpn 2399_geocoding_broadspire_04jan2023.xlsx;7. ex. c copy of broadspire mpn 2399 provider listing.6.12.23.xlsx,3. mpn 2399 app_.pdf;4. ex. f second-third opinion.pdf;5. ex. i employee notification.pdf;exhibit d access standards.pdf.pdf;exhibit e quality of care & performance.pdf.pdf;exhibit g continuity of care.pdf.pdf;exhibit h transfer of care.pdf.pdf
MPN 2401,1,1,3,geocode #2401.xlsx,copy of ancillary #2401-march 7th with 20230309 replacement.xlsx;copy of provider #2401 with 20230309 replacement.xlsx;geocode #2401.xlsx,#2401genex services llc-coventry reapproval application 11.2022.pdf
MPN 2404,1,1,2,attachment c - geocode (nbd plus mpn) (with 20230313 replacement).xlsx,attachment b - providers + zip codes (nbd plus mpn)(with 20230313 replacement).xlsx;attachment c - geocode (nbd plus mpn) (with 20230313 replacement).xlsx,nbd plus mpn - plan and attachments (with 20230313 replacement).pdf
MPN 2405,1,1,2,geocoding analysis_cec_20230119.xlsx,geocoding analysis_cec_20230119.xlsx;providers plus zips_cec_20230119 (with 20230215 replacement).xlsx,sedgwick harbor mpn cec renewal mpn id 2405(with 20230215 replacement).pdf
MPN 2407,1,1,2,geocoding analysis_nestle_20221101 (with 20230105 replacement).xlsx,geocoding analysis_nestle_20221101 (with 20230105 replacement).xlsx;providers plus zips_nestle_20221101 (with 20230105 replacement).xlsx,sedgwick harbor mpn nestle renewal mpn id 2407 (with 20230105 replacement).pdf
MPN 2408,1,1,2,geocoding analysis_eaton_20221105 (with 20230113 replacement).xlsx,geocoding analysis_eaton_20221105 (with 20230113 replacement).xlsx;providers plus zips_eaton_20221105 (with 20230113 replacement).xlsx,sedgwick harbor mpn eaton renewal mpn id 2408 (with 20230113 replacement).pdf
MPN 2409,1,1,2,geocoding analysis_scripps_20221107 (with 20230222 replacement).xlsx,geocoding analysis_scripps_20221107 (with 20230222 replacement).xlsx;providers plus zips_scripps_20221107 (with 20230222 replacement).xlsx,sedgwick harbor mpn scripps renewal mpn id 2409 (with 20230222 replacement).pdf
MPN 2410,1,1,2,geocoding analysis_dtfd_20221209 (with 20230213 replacement).xlsx,geocoding analysis_dtfd_20221209 (with 20230213 replacement).xlsx;providers plus zips_dtfd_20221209 (with 20230213 replacement).xlsx,sedgwick harbor mpn dtfd #2410 renewal (with 20230213 replacement).pdf
MPN 2411,0,1,1,,hms mpn attachment 2 (with 20230314 replacement).xlsx,hms mpn application with attachments (with 20230314 replacement).pdf
MPN 2414,1,1,2,geocoding analysis_uhg_20221114.xlsx,geocoding analysis_uhg_20221114.xlsx;providers plus zips_uhg_20221114 with 20230221 replacement.xlsx,sedgwick harbor mpn uhg renewal mpn id 2414.pdf
MPN 2415,1,1,2,anthem premier plus mpn 2415_geocoding_exhibit_g.xlsx,anthem premier plus mpn 2415 provider listing (with 20230206 replacement).xlsx;anthem premier plus mpn 2415_geocoding_exhibit_g.xlsx,awc premier plus mpn 2415 mpn application (with 20230206 replacement).pdf
MPN 2420,1,1,2,attachment c - geocode (national interstate mpn).xlsx,attachment b - providers + zip codes (national interstate mpn).xlsx;attachment c - geocode (national interstate mpn).xlsx,national interstate mpn plan and attachments .pdf
MPN 2421,1,1,2,attachment c - geocode (vanliner mpn).xlsx,attachment b - providers + zip codes (vanliner mpn).xlsx;attachment c - geocode (vanliner mpn).xlsx,vanliner mpn plan and attachments .pdf
MPN 2423,1,1,2,attachment c - geocode.xlsx,attachement b - providers + zip codes.xlsx;attachment c - geocode.xlsx,custom with kaiser mpn application ace-el pollo loco with 04022024 replacement.pdf
MPN 2430,0,1,3,,access.xlsx;corrected ancillary 9292023 with 20231006 replacement.xlsx;corrected provider 09282023 with 20231005 replacement.xlsx,coventry mpn no. 2430 -application 05182023 with 202310010 replacement.pdf
MPN 2431,1,1,2,geocoding analysis_desc_20230505 (with 20230608 replacement).xlsx,geocoding analysis_desc_20230505 (with 20230608 replacement).xlsx;providers plus zips_desc_20230505 (with 20230608 replacement).xlsx,sedgwick harbor mpn desc 2431 renewal 5.2.23 (with 20230608 replacement).pdf
MPN 2433,1,1,2,esis medical impact mpn 2433_geocoding_exhibit_g.xlsx,esis medical impact mpn 2433 provider listing with 20231220 replacement.xlsx;esis medical impact mpn 2433_geocoding_exhibit_g.xlsx,esis medical impact mpn 2433 reapproval application with 20231220 replacement.pdf
MPN 2435,1,1,2,attachment c - geocode.xlsx,attachment b - providers + zipcodes(with 20240227 replacement).xlsx;attachment c - geocode.xlsx,raleys mpn application_20230807.pdf
MPN 2437,0,1,0,,,medex_mpn reapproval plan for medex advantage-athens mpn_(id#2437)_20230822(with 20231006 replacement).pdf
MPN 2438,0,1,0,,,medex_mpn reapproval plan for medex advantage mpn_(id#2438)_20230822 (002) with 20231009 replacement.pdf
MPN 2439,0,1,0,,,medex__mpn reapproval plan for medex advantage plus mpn_(id# 2439)_20230822 with 20231009 replacement.pdf
MPN 2449,0,1,3,,attachment b - ancillary with 20240116 replacement.xlsx;attachment b - provider with 20240116 replacement.xlsx;attachment c - access.xlsx,zsc mpn 2449 - mpn- renewal 2023 final with 20240110 replacement.pdf
MPN 2453,0,1,1,,lmmc mpn attachment 2 with 20230706 replacement.xlsx,lmmc mpn application with attachments.pdf
MPN 2454,0,1,0,,,medex__mpn reapproval plan for medex advantage plus-pog mpn_(id# 2454)_20230822 with 20231011 replacement.pdf
MPN 2458,0,1,0,,,medex_mpn reapproval plan for medex advantage- kpc mpn_(id# 2458)_20230822(with 20231011 replacement).pdf
MPN 2459,0,1,0,,,medex_mpn reapproval plan for medex advantage-wc solutions mpn_(id# 2459)_20230822(with 20231012 replacement).pdf
MPN 2460,1,1,2,geocoding analysis_eps_20230119.xlsx,geocoding analysis_eps_20230119.xlsx;providers plus zips_eps_20230119.xlsx,sedgwick harbor eps 2460 plan resubmission 2.23.2023.pdf
MPN 2461,1,1,2,attachment c - geocode (finish line mpn).xlsx,attachment b - providers + zip codes (finish line mpn) (with 20221207 replacement).xlsx;attachment c - geocode (finish line mpn).xlsx,finish line mpn - plan & attachments (with 20221207 replacement).pdf
MPN 2463,1,1,2,attachment c - geocode (nbd mpn).xlsx,attachment b - providers + zip codes (nbd mpn) revised.xlsx;attachment c - geocode (nbd mpn).xlsx,nbd mpn - plan and  attachments (with 20231026 replacement).pdf
MPN 2465,0,1,0,,,medex_mpn reapproval plan for medex advantage-city of oceanside mpn_(id#2465)_20230822.pdf
MPN 2468,3,3,2,exhibit c mpn 2468 pdf full geocoding report.xlsx; exhibitb mpn 2468 geographic service area amd mpn provider lists v3.xlsx; mpn 2468 c1 pdf full geocoding results.pdf,exhibit c mpn 2468 pdf full geocoding report.xlsx;exhibitb mpn 2468 geographic service area amd mpn provider lists v3.xlsx,exhibit c mpn 2468 pdf full geocoding report.xlsx;mpn 2468 application sterling - dm comments corrected.pdf;mpn 2468 c1 pdf full geocoding results.pdf
MPN 2469,3,2,2,copy of exhibitb_2469 geographic service area and mpn provider lists v3.xlsx; ex c 2469 geocoding results.xlsx; exhibit c1  full geocoding results.pdf,copy of exhibitb_2469 geographic service area and mpn provider lists v3.xlsx;ex c 2469 geocoding results.xlsx,exhibit c1  full geocoding results.pdf;mpn 2469 application golden - 20240226.pdf
MPN 2470,0,1,4,,gb_platinum_mpn_dwc_access.xlsx;gb_platinum_mpn_dwc_ancillary2 (4)(with 20240119 replacement).xlsx;gb_platinum_mpn_dwc_provider.xlsx;gb_platinum_mpn_dwc_telehealth (2)(with 20240119 replacement).xlsx,gbcare platinum mpn 2470 reapproval application (with 20240119 replacement).pdf
MPN 2471,0,1,4,,gb_platinum_mpn_dwc_access.xlsx;gb_platinum_mpn_dwc_ancillary rv(with 20240130 replacement) (2).xlsx;gb_platinum_mpn_dwc_provider.xlsx;gb_platinum_mpn_dwc_telehealth_rv(with 20240130 replacement).xlsx,gallagher bassett platinum-m mpn 2471 reapproval application (with 20240130 replacement).pdf
MPN 2472,1,1,3,mpn_geocoding.xlsx,genex mpn provider listing with 20240124 replacement.xlsx;mpn_geocoding.xlsx;telehealth providers updated 01252024 with 20240125 replacement.xlsx,mpn #2472-application 2023 with 20240130 replacement.pdf
MPN 2473,1,2,2,c1 geo-code_mpn 2473.pdf,copy of exhibitb_2473  03122024.xlsx;copy of exhibitc_2473.xlsx,c1 geo-code_mpn 2473.pdf;mpn 2473 mpn application - dm comments v3.pdf
MPN 2474,1,2,2,ex c1_geo-code mpn 2474.pdf,copy of exhibitb_2474 03132024.xlsx;exhibitc_mpn 2474.xlsx,ex c1_geo-code mpn 2474.pdf;mpn application 2474 - dm comments v-3.pdf
MPN 2476,1,1,2,"meadowbrook, inc. mpn 2476_geocoding.xlsx","meadowbrook inc mpn 2476 provider listing with 20240212 replacement.xlsx;meadowbrook, inc. mpn 2476_geocoding.xlsx",meadowbrook inc. mpn 2476 reapproval application with 20240212 replacement.pdf
MPN 2479,0,1,3,,02230822 sedgwick kaiser mpn dwc telehealth with 20240123 replacement.xlsx;20230822 sedgwick kaiser mpn dwc ancillary with 20240118 replacement.xlsx;20230822 sedgwick kaiser mpn dwc provider with 20240123 replacement.xlsx,sedgwick extended mpn plan- #2479 with 20240118 replacement.pdf
MPN 2480,0,1,4,,20230822 sedgwick mpn dwc access.xlsx;20230822 sedgwick mpn dwc ancillary with 20240122 replacement.xlsx;20230822 sedgwick mpn dwc provider with 20240122 replacement.xlsx;20230822 sedgwick mpn dwc telehealth with 20240122 replacement.xlsx,sedgwick standard mpn plan- #2480.pdf
MPN 2485,1,1,2,marquee managed care solutions mpn 2485_geocoding.xlsx,marquee managed care solutions mpn 2485 provider listing.xlsx;marquee managed care solutions mpn 2485_geocoding.xlsx,marquee managed care solutions mpn 2485 mpn application with 02132024 replacement.pdf
MPN 2486,1,1,2,marquee managed care solutions plus mpn 2486 geocoding exhibit.xlsx,marquee managed care solutions plus mpn 2486 geocoding exhibit.xlsx;marqueee managed care solutions plus mpn 2486 provider listing.xlsx,marquee managed care solutions plus mpn 2486 mpn application with 02-21-2024 replacement pages.pdf
MPN 2487,1,1,2,geocode_les schwab_20230911.xlsx,geocode_les schwab_20230911.xlsx;provider plus zip_les scwab_20231226 with 20231226 replacement.xlsx,2487_les schwab_renewal application.pdf
MPN 2490,1,1,2,attachment c - geocode.xlsx,attachment b - providers + zipcodes.xlsx;attachment c - geocode.xlsx,custom mpn application ace-lineage with replacement 04-11-2024.pdf
MPN 2493,0,1,5,,access.xlsx;ancillary(with 20240304 replacement).xlsx;pharmacy.xlsx;provider.xlsx;telehealth.xlsx,renewal submission the travelers indemnity company - travnet mpn #2493(with 20240304 replacement).pdf
MPN 2498,1,1,2,attachment c - geocode.xlsx,attachment b - providers + zip codes - 2498.xlsx;attachment c - geocode.xlsx,custom mpn application cambridge with replacement 04-20-2024.pdf
MPN 2499,0,1,4,,attachment b - ancillary.xlsx;attachment b - provider.xlsx;attachment b - telehealth.xlsx;attachment c - coventry select access.xlsx,florists' mutual insurance company - hortica mpn 2499 reapproval  application  january 2024 (with 20240614 replacement).pdf
MPN 2500,1,1,2,mpn_geocoding_exhibit_g_genex.xlsx,genex mpn provider listing with 20240129 replacement.xlsx;mpn_geocoding_exhibit_g_genex.xlsx,#2500 mpn application with 20240130 replacement.pdf
MPN 2502,1,2,2,c1 geo-coding narrative mpn 2502.pdf,copy of exhibitb_2502 03212024.xlsx;copy of exhibitc_2502.xlsx,c1 geo-coding narrative mpn 2502.pdf;mpn 2502 application template v4.pdf
MPN 2504,1,1,2,geocode_boeing_20231204.xlsx,geocode_boeing_20231204.xlsx;provider plus zip_boeing_20240229 with 20240306 replacement.xlsx,2504_boeing_mpn renwal app_20231204 with 20240306 replacement.pdf
MPN 2505,1,1,2,attachment c - geocode (nbsia mpn).xlsx,attachment b - providers + zip codes (nbsia mpn).xlsx;attachment c - geocode (nbsia mpn).xlsx,nbsia mpn plan & attachments (with 20230329 replacement).pdf
MPN 2506,1,1,2,attachment c - geocode el pollo loco.xlsx,attachement b - providers + zip codes.xlsx;attachment c - geocode el pollo loco.xlsx,custom with kaiser mpn application el pollo loco with replacement.pdf
MPN 2507,1,1,2,attachment c - geocode.xlsx,attachment b - providers + zip codes - 2507.xlsx;attachment c - geocode.xlsx,custom mpn application silverado with replacement 05-14-2024.pdf
MPN 2508,1,1,2,attachment c - geocode - cheesecake factory.xlsx,attachment b - providers + zip codes - 2508.xlsx;attachment c - geocode - cheesecake factory.xlsx,custom mpn application cheesecake factory with replacement.pdf
MPN 2510,1,1,2,attachment c - geocode.xlsx,attachment b - providers + zip codes - 2510.xlsx;attachment c - geocode.xlsx,custom with kaiser mpn application protective.pdf
MPN 3001,1,1,2,geocode_ross_20240418.xlsx,geocode_ross_20240418.xlsx;provider plus zip_ross_20240612 with 20240612 replacement.xlsx,3001_ross_mpn renewal application_20240418.pdf
MPN 3004,1,1,2,geocode_target_20240418.xlsx,geocode_target_20240418.xlsx;provider plus zip_target_20240612 with 20240612 replacement.xlsx,3004_target_dwc renewal application_20240418.pdf
MPN 3006,1,1,2,geocode_ge_20240418.xlsx,geocode_ge_20240418.xlsx;provider plus zip_ge_202400905(with 20240905 replacement).xlsx,3006_ge_dwc renewal application_20240418 (with 20240905 replacement).pdf
MPN 3007,1,1,2,attachment c - geocode (central region school mpn).xlsx,attachment b - providers + zip codes (central region school mpn).xlsx;attachment c - geocode (central region school mpn).xlsx,plan and attachments - central region school mpn (6.26.24).pdf
MPN 3008,1,1,2,geocode_tenet_20240418.xlsx,geocode_tenet_20240418.xlsx;provider plus zip_tenet_20240905(with 20240905 replacement).xlsx,3008_tenet_dwc renewal application_20240418(with 20240905 replacement).pdf
MPN 3010,1,1,2,attachment c - geocode.xlsx,attachment b - providers + zipcodes with 20240911 replacement.xlsx;attachment c - geocode.xlsx,custom mpn application silverado.pdf
MPN 3013,1,1,2,attachment c - geocode (packard mpn).xlsx,attachment b - providers + zip codes (packard mpn).xlsx;attachment c - geocode (packard mpn).xlsx,plan and attachments - packard mpn(with 20240918 replacement).pdf
MPN 3014,1,1,2,attachment c - geocode (usc arcadia hospital mpn).xlsx,attachment b - providers + zip codes (usc arcadia hospital mpn)(with 20241002).xlsx;attachment c - geocode (usc arcadia hospital mpn).xlsx,mpn application - usc arcadia hospital mpn(with 20241002 replacement).pdf
MPN 3021,1,1,3,genex mpn geocoding listing.xlsx,attachement b - genex mpn provider listing(with 20241015 replacement).xlsx;attachment b - genex mpn ancillary listing(with 20241015 replacement).xlsx;genex mpn geocoding listing.xlsx,2024 united renewal updated 101524(with 20241015 replacement).pdf
MPN 3023,1,1,2,g. mpn_geocoding_exhibit 7.26.24.xlsx,g. mpn_geocoding_exhibit 7.26.24.xlsx;h. rising mpn providers_anthem_09122024 with 20240916 replacement.xlsx,- rms 3023 plan exhibits a-f_08.15.2024.pdf
MPN 3026,1,1,2,geocode_kaiser_20240710.xlsx,geocode_kaiser_20240710.xlsx;provider plus zip_kaiser_20240808 with 20240808 replacement.xlsx,3026_kaiser_dwc app_20240710.pdf
MPN 3027,2,9,2,attachment b_geographic service area and mpn provider lists_20250128.xlsx; attachment c - geo coding results.xlsx,attachment b_geographic service area and mpn provider lists_20250128.xlsx;attachment c - geo coding results.xlsx,attachment a - eligibility of the mpn applicant.pdf;attachment d - second and third opinion process.pdf;attachment e - access standards.pdf;attachment f -complete written mpn employee notification.pdf;attachment g - continuity of care policy (1).pdf;attachment h - transfer of ongoing care policy.pdf;attachment i  economic profiling (1).pdf;attachment j  quality of care and performance (1).pdf;mpn plan.pdf
MPN 3028,1,1,2,geocode_irvineco_20241004.xlsx,geocode_irvineco_20241004.xlsx;provider plus zip_irvineco_20241202 with 20241202 replacement.xlsx,3028_irvineco_mpn renewal app_20241004.pdf
MPN 3030,0,1,2,,ancillary 3030-corrected(with 20250505 replacement).xlsx;provider 3030-corrected(with 20250505 replacement).xlsx,mpn 3030 replacement-slfinal-corrections(with 20250514 replacement).pdf
MPN 3031 Confidential,1,1,2,attachment c  geocode 06.2023.xlsx,attachment b  providers + zip codes 2022 06.2023.xlsx;attachment c  geocode 06.2023.xlsx,2023 ca mpn applicant plan 3031 11.07.2022(with 20230809 replacement).pdf
MPN 3032 Confidential,1,1,2,attachment c - geocode.xlsx,attachment b - providers + zip codes 2023 03-20-2024(with 20240325 replacement).xlsx;attachment c - geocode.xlsx,2023 ca mpn plan 3032 renewal 11-14-2023(with 20240326 replacement).pdf
MPN 3039,1,1,2,attachment c - geocode.xlsx,attachment b - providers + zip codes.xlsx;attachment c - geocode.xlsx,custom mpn application express mpn 3039.pdf
MPN 3040,0,1,0,,,medex_mpn reapproval plan for advantage-acig mpn (id#3040)_20241206.pdf
MPN 3042,0,1,0,,,medex_mpn reapproval plan for advantage plus-republic mpn (id#3042)_20241206.pdf
MPN 3050,0,1,0,,,medex_mpn reapproval plan for advantage-grimmway mpn (id#3050)_20241206.pdf
MPN 3051,0,1,0,,,medex_mpn reapproval plan for advantage plus-cfins mpn (id#3051)_20241206.pdf
MPN 3052,0,1,3,,attachment b_carefirst_mpn_dwc _ancillary - replacement pages with 20220912 replacement.xlsx;attachment b_carefirst_mpn_dwc_provider - replacement pages with 20220912 replacement.xlsx;attachment c_carefirst_mpn_dwc_access.xlsx,mpn application description - replacement pages with 20220912 replacement.pdf
MPN 3054,0,1,4,,ancillary corrected aig ep (2).xlsx;attachment c access (2).xlsx;ep mpn 3054  telehealth.xlsx-2025 - corrected.xlsx;provider corrected aig ep  (2).xlsx,mpn 3054  aig ep mpn 01312025.pdf
MPN 3064,0,1,1,,attachment b - providers + zip codes (omaha national mpn)(with 20250702 replacement).xlsx,omaha national mpn - plan and attachments(with 20250702 replacement).pdf
MPN 3065,0,1,3,,20241204 aramark mpn dwc access.xlsx;20241204 aramark mpn dwc ancillary 562025 with 20250506 replacement.xlsx;20241204 aramark mpn dwc provider 522025 with 20250502 replacement.xlsx,aramark 2024 with 20250502 replacement.pdf
MPN 3068,2,1,2,attachment b - geographic service area - mpn provider lists (with 20211202 replacement).xlsx; attachment c- geo coding.xlsx,attachment b - geographic service area - mpn provider lists (with 20211202 replacement).xlsx;attachment c- geo coding.xlsx,kcha mpn 3068 (with 20211202 replacement).pdf
MPN 3072,0,1,4,,ancillary corrected aig jcp(with 20250206 replacement).xlsx;attachment c access(with 20250206 replacement).xlsx;jcp mpn 3072 telehealth.xlsx-2025 .xlsx;provider corrected aig jcp(with 20250206 replacement).xlsx,mpn 3072 aig jcp mpn 01312025(with 20250206 replacement).pdf
MPN 3074,0,1,1,,attachment b providers + zipcodes.xlsx,"genex services, llc-anthem reapproval application #3074.pdf"
MPN 3079,1,1,2,geocode_sedgwick aa_20250226.xlsx,geocode_sedgwick aa_20250226.xlsx;provier plus zip_sedgwick aa_20250226.xlsx,3079_american airlines_dwc renewal_20250226.pdf
MPN 3082,0,2,3,,access.xlsx;ancillary.xlsx;provider.xlsx,nars mpn application - combined deficiencies addressed.pdf;nars mpn application - combined.pdf
MPN 3083,0,1,2,,2_exhibit b_3083 final_prime__012122.xlsx;exhibit c_3083.xlsx,dwc_hartford_campn_renewalupdates011522.pdf
MPN 3085,0,1,0,,,medex__reapproval plan for medex advantage-city of long beach mpn_(id_3085)_20220113.pdf
MPN 3087,0,1,0,,,medex__reapproval plan for medex advantage plus-hilton mpn_(id_3087)_20220113.pdf
MPN 3089,0,2,3,,copy of copy of ancillary with 20220623 replacement.xlsx;copy of copy of provider with 20220623 replacement.xlsx;dwc access.xlsx,agcs #3089 .pdf;agcs #3089 steph replacement pages-final with 20220623 replacement.pdf
MPN 3090,1,1,2,geocoding analysis_verizon_20210810.xlsx,geocoding analysis_verizon_20210810.xlsx;providers plus zips_verizon_20210810 with 20211215 replacement.xlsx,mpn plan for reapproval sedgwick harbor mpn-verizon_3090.pdf
MPN 3091,1,1,2,geocode file kroger_20220329.xlsx,geocode file kroger_20220329.xlsx;providers file kroger_20220329 with 20220523 replacement.xlsx,mpn plan for reapproval sedgwick harbor mpn-kroger_3091 with 20220523 replacement.pdf
MPN 3092,1,1,2,attachment c - geocode - san jose usd mpn corrections with 20220706 replacement.xlsx,3. attachment b - providers+zipcodes - san jose usd mpn corrections.xlsx;attachment c - geocode - san jose usd mpn corrections with 20220706 replacement.xlsx,2. application reapproval - san jose usd mpn 3092.pdf
MPN 3095,0,1,2,,exhibit b_3095.xlsx;exhibit c_3095.xlsx,mpn 3095 application.pdf
MPN 3096,0,1,2,,exhibit b_3096.xlsx;exhibit c_3096.xlsx,mpn 3096 application.pdf
MPN 3097,0,1,2,,exhibit b_3097.xlsx;exhibit c_3097.xlsx,mpn 3097 application.pdf
MPN 3098,1,1,2,icw group premier mpn_geocode_20210928.xlsx,icw group premier mpn_geocode_20210928.xlsx;icw group premier mpn_providers+zipcodes_20210928 with 20220201 replacement.xlsx,icw group premier mpn_mpn plan application_20210928.pdf
MPN 3102,1,1,2,attachment c - geocode.xls,attachment b - providers + zip codes with 20220923 replacement.xlsx;attachment c - geocode.xls,pitman family farms mpn - plan & attachments with 20220923 replacement.pdf
MPN 3104,1,4,2,ex c1_3104 full geocoding results.pdf,exhibitb_3104_.xlsx;exhibitc_3104.xlsx,3104 wcf national insurance mpn application description.pdf;ex c1_3104 full geocoding results.pdf;mpn app desc l ancillary services.pdf;section g replacement page.pdf
MPN 3106,0,11,9,,1- worksheet 1.xls;2- worksheet 2.xls;3- worksheet 3.xls;4- worksheet- 4.xls;5 a- worksheet 5-a.xls;5 b- worksheet 5-b.xls;5 c- worksheet- 5-c.xls;complete provider list.xlsx;prism telehealth list.xlsx,01 e- prism- complete written employee notification- eng.pdf;01 e- prism- continuity of care policy- english.pdf;02 s- prism- complete written employee notification- spanish.pdf;02 s- prism- continuity of care policy- spanish.pdf;1 e- prism- transfer of care policy- english.pdf;1- access standards (with th language) .pdf;1- quality of care and performance.pdf;1- second and third opinion process.pdf;2 s- prism- transfer of care policy- spanish.pdf;2- prism medical provider network plan #3106.pdf;6- access not met policy.pdf
MPN 3108,1,1,2,tristar_mpn_geocode_20220707 (with 20220816 replacement).xlsx,tristar_mpn_geocode_20220707 (with 20220816 replacement).xlsx;tristar_mpn_providers plus zip_20220707 (with 20220816 replacement).xlsx,tristar premier mpn renewal plan-id#3108 (with 20220816 replacement).pdf
MPN 3111,1,1,2,attachment c - geocode (sfusd mpn).xlsx,attachment b - providers + zip codes (sfusd mpn) (with 20220225 replacement).xlsx;attachment c - geocode (sfusd mpn).xlsx,sfusd mpn - plan & attachments.pdf
MPN 3113,0,1,0,,,medex_reapproval plan_medex advantage-parking concepts mpn_(id#3113)_20220511.pdf
MPN 3114,0,1,0,,,medex_reapproval plan for medex advantage-food products of ca mpn_(id#3114)_20220511.pdf
MPN 3117,0,2,2,,ancillary.xlsx;provider.xlsx,firstgroup mpn -corrected pages final.pdf;firstgroup mpn #3117.pdf
MPN 3118,0,2,2,,ciga anthem mpn dwc access increased mileage.xlsx;ciga anthem mpn provider listing 042922 with 20220525 replacement.xlsx,application response j ancillary services information with 20220525 replacement.pdf;ciga anthem mpn 3118 reapproval application 2022.pdf
MPN 3119,1,1,2,attachment c - geocode (pacific claims management mpn).xls,attachment b - providers + zip codes (pacific claims management mpn)(with 20220915 replacement).xls;attachment c - geocode (pacific claims management mpn).xls,pacific claims management mpn reapproval - plan & attachments (with 20220915 replacement).pdf
MPN 3126,0,1,3,,sompo_mpn_dwc_access.xlsx;sompo_mpn_dwc_ancillary with 20230424 replacement.xlsx;sompo_mpn_dwc_provider with 20230424 replacement.xlsx,sompo international custom mpn reapproval application 3126.pdf
MPN 3127,0,1,3,,sompo_mpn_dwc_access.xlsx;sompo_mpn_dwc_ancillary with 20230424 replacement.xlsx;sompo_mpn_dwc_provider with 20230424 replacement.xlsx,sompo international custom mpn reapproval application.pdf
MPN 3128,1,1,2,attachment c - geocode (broadspire boutique mpn).xlsx,attachment b - providers + zip codes (broadspire boutique mpn).xlsx;attachment c - geocode (broadspire boutique mpn).xlsx,broadspire boutique mpn - plan and attachments resubmission 1.31.2023(with 20230420 replacement).pdf
MPN 3130,0,1,0,,,state corvel healtcare mpn application_20230.pdf
MPN 3131,0,1,0,,,medex _mpn reapproval plan for medex advantage plus - tristar risk management mpn_(id# 3131)_20230614.pdf
MPN 3132,1,1,2,attachment c - geocode (cpc logistics mpn).xlsx,attachment b - providers + zip codes (cpc logistics mpn).xlsx;attachment c - geocode (cpc logistics mpn).xlsx,logistics mpn - plan and attachments (revisions).pdf
MPN 3134,0,1,0,,,medex_mpn reapproval plan for medex advantage - watts industries mpn id# 3134 received 7-14-23.pdf
MPN 3135,0,1,0,,,medex_mpn reapproval plan for medex advantage - amigos pros mpn id# 3135.pdf
MPN 3136 Confidential,1,1,2,attachment c_geocode_state fund_20230906(with 20230908 replacement).xlsx,attachment b_providers+zip codes_state fund_20230906(with 20230908 replacement).xlsx;attachment c_geocode_state fund_20230906(with 20230908 replacement).xlsx,state fund_dwc_mpn plan application_20230906(with 20230908 replacement).pdf
MPN 3138,2,31,0,d.geographical service areas.pdf; h.geocoding.pdf,,"a..eligibility.pdf;a.applied underwriters, inc. certificate of status secretary of state.pdf;a.aucra certificate of authority.pdf;a.cic certificate of authority.pdf;a.cont certificate of authority.pdf;a.iic certificate of authority.pdf;a.pic certificate of authority.pdf;b.projected provider usage.pdf;c.physician service networks.pdf;d.geographical service areas.pdf;e.medical access assistant.pdf;f.mpn website.pdf;g.physician acknowledgements.pdf;h.geocoding.pdf;i.ancillary services..pdf;j.second and third opinion.pdf;k.access standards.pdf;l.employee notification (with 20231017 replacement).pdf;l.mpn employeenotification - english.pdf;l.mpn employeenotification - spanish (with 20231017 replacement).pdf;m.continuity of care policy - english.pdf;m.continuity of care policy - spanish.pdf;m.continuity of care.pdf;n.transfer of care policy - english.pdf;n.transfer of care policy - spanish.pdf;n.transfer of care.pdf;o.economic profiling policy.pdf;p.physician compensation.pdf;q.utilization review.pdf;r.continuous quality monitoring.pdf;s.network disclosure.pdf"
MPN 3139,1,1,2,geocode_cargillmpn_20230728.xlsx,geocode_cargillmpn_20230728.xlsx;provider plus zip_cargillmpn_20231130 with 20231130 replacement.xlsx,3139 sedgwick cargile_mpn renewal app_20230728 with 20231130 replacement.pdf
MPN 3141,1,1,2,attachment c - geocode.xlsx,attachment b - providers + zip codes - 3141.xlsx;attachment c - geocode.xlsx,custom with kaiser mpn application guideone 04182024 replacement.pdf
MPN 3142,1,1,2,attachment c zmpn geocoding.xlsx,attachment b zmpn provider lists (20240320 replacement).xlsx;attachment c zmpn geocoding.xlsx,zmpn plan description and exhibits_20240320_clean (with 20240320 replacement).pdf
MPN 3143,1,1,2,geocode_adeventisthealthmpn_20231016.xlsx,geocode_adeventisthealthmpn_20231016.xlsx;provider plus zip_adventisthealthmpn_20240129 with 20240129 replacement.xlsx,3143_adventist_renewal_20231016.pdf
MPN 3144,0,1,3,,attachment b -pma primary ancillary.xlsx;attachment b-pma primary provider.xlsx;attachment c- pma primary access.xlsx,pma re-approval 2023 4122024(with 20240412 replacement).pdf
MPN 3145,1,1,2,attachment c - geocode.xlsx,attachment b - providers + zip codes - 3145 - 1.xlsx;attachment c - geocode.xlsx,custom with kaiser mpn application corvel corporation.pdf
MPN 3146,0,1,4,,sodexo_custom_mpn_dwc_access.xlsx;sodexo_custom_mpn_dwc_ancillary revised with 20240826 replacement.xlsx;sodexo_custom_mpn_dwc_provider revised with 20240826 replacement.xlsx;sodexo_custom_mpn_dwc_telehealth.xlsx,sodexo custom mpn #3146 reapproval application with 20240826 replacement.pdf
MPN 3148,1,1,2,geocode_cjpia_20240710.xlsx,geocode_cjpia_20240710.xlsx;provider plus zip_cjpia_20240808 with 20240808 replacement.xlsx,3148_cjpia dwc app_20240710 with 20240808 replacement.pdf
MPN 3149,1,1,2,attachment c - geocode (broadspire xl mpn).xlsx,attachment b - providers + zip codes (broadspire xl mpn)(with 20241023 replacement).xlsx;attachment c - geocode (broadspire xl mpn).xlsx,plan & attachments - broadspire xl mpn reapproval(with 20241023 replacement).pdf
MPN 3150,1,1,2,attachment c - geocode (broadspire premier xl mpn).xlsx,attachment b - providers + zip codes (broadspire premier xl mpn)(with 20241023 replacement).xlsx;attachment c - geocode (broadspire premier xl mpn).xlsx,plan & attachments - broadspire premier xl mpn reapproval(with 20241023 replacement).pdf
MPN 3151,1,1,2,attachment c - geocode.xlsx,attachment b - providers + zipcodes(with 20250114 replacement).xlsx;attachment c - geocode.xlsx,custom with kaiser mpn application alaska national select (002)(with 20250114 replacement).pdf
MPN 3152,0,1,2,,exhibitb_3152 v4 - 05222025 - rec fr dwc on 6-17-2025 with 20250617 replacement.xlsx;exhibitc_3152.xlsx,cob mpn application v3 with 20250414 replacement.pdf
MPN 3153,1,1,2,attachment c - geocode.xlsx,attachment b - providers + zip codes with 20241106 replacement.xlsx;attachment c - geocode.xlsx,custom with kaiser mpn application prospect medical.pdf
MPN 3154,1,1,3,amtrust california mpn_geocoding_exhibit_g.xlsx,3154 amtrust california mpn provider listing 06172025 with 20250617 replacement.xlsx;3154 amtrust california mpn telehealth listing 06172025 with 20250617 replacement.xlsx;amtrust california mpn_geocoding_exhibit_g.xlsx,3154_amtrust california mpn application re-filing  06.16.2025 final with 20250617 replacement.pdf
MPN 3155,1,1,3,mpn geocoding exhibit.xlsx,b2. mpn provider listing.xlsx;b3 mpn ancillary provider listing with 20220216 replacement.xlsx;mpn geocoding exhibit.xlsx,ca mpn applicant conduent-ryder with 20220216 replacement.pdf
MPN 3156,1,1,2,equian_geocode_20220201.xlsx,equian_geocode_20220201.xlsx;equian_providers plus zips_20220201(with 20220425 replacement).xlsx,equian mpn plan.pdf
MPN 3158,0,1,3,,attachment b ancillary- corrected(with 20250922 replacement).xlsx;attachment c access.xlsx;attacment b provider- corrected(with 20250922 replacement).xlsx,method select mpn 2025 application(with 20250930 replacement).pdf
MPN 3159,1,1,2,attachment c - geocode (procomp mpn).xlsx,attachment b - providers + zip codes (procomp mpn).xlsx;attachment c - geocode (procomp mpn).xlsx,procomp mpn - plan & attachments.pdf
MPN 3161,1,1,2,geocoding analysis_reyes_20211022.xlsx,geocoding analysis_reyes_20211022.xlsx;providers plus zips_reyes_20211022.xlsx,mpn plan for sedgwick harbor mpn-reyes holdings.pdf
MPN 3163,0,1,4,,access.xlsx;ancillary 12042025 with 20251204 replacement.xlsx;provider 12042025 with 20251204 replacement.xlsx;telehealth 12042025 with 20251204 replacement.xlsx,mpn 3163 application 1282025xx with 20251211 replacement.pdf
MPN 3164,0,1,4,,access.xlsx;ancillay.xlsx;providers.xlsx;telehealth.xlsx,athens coventry select mpn_final (with 20220307 replacement).pdf
MPN 3166,1,1,2,attachment c - geocode.xlsx,attachment b - providers + zipcodes with 20240216 replacement.xlsx;attachment c - geocode.xlsx,reiter mpn application 2023 with 20240216 replacement.pdf
MPN 3167,1,1,2,attachment c - geocode.xlsx,attachment b - providers + zipcodes with 20220921 replacement.xlsx;attachment c - geocode.xlsx,state safety national-glidewell application 2022 with 20220921 replacement.pdf
